Addr_Base10,Data_Base16
0,00FFFD7A
1,00000A9B
2,00FFFEAD
3,000003F3
4,00FFF456
5,00000F7B
6,00FFED09
7,00FFEE6C
8,00FFF1D4
9,000000BA
10,00001398
11,00FFF231
12,00FFEE2D
13,000009F1
14,00FFF353
15,00FFF5A8
16,00FFF294
17,000011BF
18,00000C22
19,00000DF3
20,00000293
21,00FFFD61
22,000009C8
23,00FFFD53
24,000002EC
25,000007AD
26,00000768
27,000002C5
28,000011F6
29,00000A28
30,00FFEC62
31,000013E1
32,00000DA2
33,00FFF578
34,00FFFFDA
35,00FFF6D3
36,00FFF19F
37,00FFEEA3
38,00FFFD75
39,00FFF186
40,00000F49
41,00000BC8
42,0000029E
43,00FFF54D
44,00000235
45,00FFFB3F
46,00000996
47,00FFF909
48,00FFF071
49,00000ACC
50,000005DA
51,00000BB4
52,00000C16
53,00FFED5F
54,00FFFE2E
55,00FFF7C9
56,0000118E
57,00FFFF4A
58,0000095B
59,0000108F
60,00000B04
61,00FFF5E6
62,00FFF36B
63,00FFF79E
64,00000C86
65,00000D68
66,000003A4
67,00FFF13A
68,00FFF3F1
69,00000CEB
70,00FFF22E
71,00FFF129
72,00FFF4A3
73,00000ADE
74,00FFFC85
75,0000068F
76,000004C7
77,000007EC
78,00FFEF2C
79,00FFFDD2
80,00FFF13E
81,00FFF938
82,00FFF322
83,000000E1
84,000007D5
85,00000B90
86,00FFF295
87,00FFFAA3
88,00FFFCCA
89,000008D4
90,00FFF6F1
91,0000053D
92,00000BA9
93,00FFF046
94,00FFFF53
95,00FFEF0A
96,00000FF3
97,00000B28
98,0000049D
99,00FFF63F
100,00FFF359
101,00000A8B
102,000008BF
103,00FFFAC2
104,0000065E
105,00000F8B
106,00FFEC8E
107,00001007
108,00FFF496
109,0000076F
110,00000EB5
111,00FFFDFB
112,00FFF468
113,00001047
114,00FFF715
115,00FFF64B
116,00FFEF4C
117,00FFF037
118,00FFEC46
119,00000B4F
120,000012A2
121,00FFF9CB
122,00000986
123,00000ED4
124,00000AE6
125,00FFF8F1
126,00FFFF7F
127,00FFF070
128,000008D5
129,000000E7
130,00FFEEB8
131,00000B7F
132,00FFF215
133,00FFFD99
134,00000297
135,00FFFA29
136,000006FE
137,00000A30
138,00000CF6
139,000005F2
140,00000DBD
141,00FFF9F9
142,00000664
143,00FFF021
144,00000804
145,000007C5
146,00FFEF00
147,00000705
148,00000A60
149,00FFF0B2
150,0000105E
151,00FFF8E8
152,00000A08
153,000011F6
154,00FFFF31
155,00000A30
156,00FFF934
157,00FFED77
158,00FFFE72
159,00001135
160,0000046D
161,000013A2
162,0000077C
163,000008E2
164,00FFF2E7
165,00FFF0A0
166,000002FC
167,00000124
168,00FFF45D
169,000013D3
170,00000219
171,000000E4
172,00001296
173,00FFFD58
174,00000951
175,000012CD
176,000012E4
177,00FFFFF5
178,00000192
179,00000F0A
180,00FFEE1D
181,00FFF663
182,00FFF704
183,00FFFEA3
184,00000346
185,00FFF1C2
186,000003BF
187,00FFED40
188,000004B1
189,00FFFB2F
190,00FFF2FD
191,000001EE
192,00FFF52E
193,00FFEDCD
194,00FFFD8A
195,000000E2
196,00FFEF36
197,00000E72
198,000008BF
199,00000997
200,00000462
201,00FFFE08
202,00001353
203,00000877
204,00FFED52
205,0000068B
206,000009C1
207,00001169
208,00FFF2FA
209,00000406
210,0000070F
211,00FFEF5D
212,00FFEDC1
213,00FFFAF1
214,00001211
215,00FFF709
216,00FFEF58
217,00FFEE7F
218,00000A03
219,000005B5
220,0000078D
221,00000A8E
222,000006CC
223,00FFFBA8
224,00FFF051
225,0000136A
226,00000290
227,00000C25
228,00FFF7F7
229,00001020
230,00000B31
231,0000002F
232,00000618
233,0000069E
234,00000D85
235,00000712
236,00FFFCB6
237,00000D68
238,00000340
239,00FFF5C4
240,000009BE
241,00000974
242,00FFFCC1
243,00000FB6
244,00000DFC
245,00000010
246,00000CF2
247,00FFF2BD
248,00000A9B
249,00000ADB
250,00FFECEA
251,00001278
252,0000072C
253,00FFF55F
254,00FFF8AD
255,00000101
256,00001015
257,00000C81
258,0000086D
259,00FFF26D
260,00FFEE34
261,00001155
262,00000407
263,000007AF
264,0000057A
265,00FFF039
266,000008D4
267,00000A89
268,00FFED91
269,00FFEE8A
270,00FFF95A
271,00FFFA1B
272,00FFF27D
273,00FFF32C
274,00FFF4B0
275,00FFF13F
276,00000749
277,00FFFD71
278,00FFF734
279,00FFF397
280,00FFF98C
281,00FFF108
282,000011AC
283,000009DC
284,00000BCE
285,00000DA7
286,00000EF7
287,000004B9
288,00FFF5DC
289,00FFF504
290,00FFF585
291,0000023C
292,00FFF3C7
293,0000043C
294,00000327
295,00FFFE1C
296,00000DDD
297,00001104
298,00FFF8AD
299,00000ACD
300,00FFF302
301,00FFFFF2
302,00FFECF6
303,00FFFA91
304,00000602
305,00FFEF10
306,000003CF
307,000005E5
308,0000120A
309,00001168
310,0000011F
311,0000031F
312,00FFFE27
313,0000041B
314,00000017
315,00FFFFA2
316,00FFF1C3
317,00FFF3F6
318,00000674
319,00000497
320,00000526
321,00FFFA80
322,00FFF6C7
323,00FFFB27
324,00000F12
325,00000124
326,00FFF8BE
327,00000F8C
328,000002C9
329,000010AB
330,0000033A
331,000007A3
332,00FFF2C7
333,00FFF9A3
334,00000366
335,000003EE
336,00FFF9E9
337,00FFEE97
338,000005C4
339,0000010A
340,00FFEE25
341,00FFF862
342,00FFEF3C
343,00FFF6ED
344,00FFFF18
345,000012C7
346,00FFF00E
347,00FFF897
348,00000ACE
349,00FFEE5F
350,00FFFE67
351,00000A12
352,00FFF69C
353,00FFF2B8
354,00FFF683
355,00FFEEC7
356,00000347
357,00000040
358,00FFFE30
359,00FFEE7D
360,00FFF004
361,00FFF8EF
362,00000474
363,00FFFBCB
364,000001ED
365,00000269
366,00FFF482
367,00000528
368,00FFF157
369,00FFFCB5
370,00000AB2
371,0000002A
372,00000D8E
373,00FFFB90
374,00FFFD23
375,00FFFDA3
376,00FFF336
377,00000893
378,000008E9
379,00FFFE9C
380,00FFF24F
381,00FFFE78
382,00000E97
383,00000F2F
384,00FFF329
385,00FFF32C
386,000007D9
387,00000510
388,00FFFBF4
389,00FFFF41
390,00000482
391,0000027B
392,00000779
393,00001267
394,00FFF7FF
395,000013BE
396,00FFFB5C
397,00001226
398,00FFEC7D
399,0000048F
400,00001229
401,00001221
402,000009F9
403,000003CF
404,00FFFA09
405,00000BF3
406,00FFEE95
407,00FFF76D
408,00000AE5
409,00FFEFB4
410,00FFF5D6
411,000009A1
412,00FFF9D5
413,00000A25
414,00000389
415,00000D70
416,00FFEC70
417,000005D1
418,00FFEE22
419,00000738
420,00000D46
421,00FFFEFD
422,00FFF215
423,00000F36
424,00FFF21A
425,00FFFDF4
426,00FFFB42
427,00FFF903
428,00FFF276
429,00FFFBEB
430,000002A2
431,000000A7
432,00FFF068
433,00FFF7F3
434,00FFEC13
435,00FFFB57
436,00FFF277
437,000004E9
438,00FFF596
439,00FFF93E
440,00FFF020
441,00FFFA00
442,00000858
443,00FFFBEB
444,00FFF35A
445,0000055F
446,00FFF15F
447,000009F1
448,00000A9F
449,00FFFEC3
450,0000093C
451,0000005F
452,00FFF9A1
453,00FFFA36
454,00FFFA57
455,00FFFC97
456,00FFFFE1
457,00FFF19E
458,00000B40
459,000008C4
460,00FFFEF6
461,00000D90
462,00FFFCAF
463,00FFF09D
464,00000B19
465,0000116A
466,00FFF809
467,00FFF8CC
468,00000C19
469,00000434
470,00000946
471,00FFF633
472,00000057
473,0000007F
474,00000A37
475,00FFFC0C
476,00FFFDB0
477,00000FF1
478,00FFFB08
479,000010DE
480,00000D74
481,00000B69
482,00FFFC58
483,00000DD8
484,00000FF5
485,00FFF240
486,00000E84
487,00FFFF63
488,00000CA3
489,000004A3
490,00000ABD
491,00FFF09E
492,00FFFE40
493,00000B7C
494,00FFFE81
495,00000B76
496,00FFECE2
497,000004A1
498,0000042B
499,00001059
500,00FFEDC4
501,00FFFBA8
502,00FFF8CB
503,00FFF91F
504,00000DCD
505,00000F4F
506,00001169
507,00001174
508,000008E1
509,00FFFCF3
510,00FFFA45
511,00FFEF2F
512,0000114E
513,000010DB
514,00000CE3
515,00000A6D
516,00FFEE32
517,00FFF84D
518,00000C5A
519,00000A4F
520,00FFFA7C
521,00000A67
522,00FFF69B
523,00FFEC90
524,00000E08
525,000006A0
526,00FFF6C8
527,00000B14
528,0000137F
529,000008A8
530,00000EDC
531,0000051B
532,000005FA
533,00FFF7DC
534,00FFF454
535,00FFFD22
536,000002D7
537,00FFF793
538,00FFF676
539,00000828
540,00FFEF9E
541,000002FD
542,0000083B
543,000001C5
544,00FFF779
545,00FFFD9F
546,00001035
547,0000116D
548,00000EA6
549,00FFF265
550,00FFFDE1
551,00000BD5
552,00FFF5E7
553,00FFEDA7
554,000005C5
555,00FFF2F6
556,000013B0
557,00000ECA
558,00FFFF37
559,00FFF18D
560,00000960
561,00FFF98E
562,00000F92
563,000006AD
564,00FFF33F
565,00FFFECB
566,00FFF70E
567,00001384
568,000001CC
569,00000D18
570,00FFF7A7
571,00000953
572,00FFF2BE
573,00FFFB84
574,00FFF75D
575,00FFF9F2
576,00FFECB9
577,00FFFF8B
578,00000A8E
579,00FFFCEF
580,00FFF236
581,00000E79
582,00FFF59B
583,00FFFA10
584,00000D7D
585,00FFEFE7
586,00000E55
587,00FFF7D6
588,00FFFD1D
589,000011AC
590,0000040E
591,00FFF467
592,00FFF7ED
593,00000172
594,000010BD
595,00000726
596,00FFEEF2
597,00001162
598,00000C10
599,000003EA
600,000006E0
601,00001006
602,000005EA
603,00FFF9BA
604,00000B71
605,00000773
606,00FFF84D
607,00FFFC97
608,00FFF4AC
609,000013FE
610,00000FB8
611,00FFEE82
612,00000843
613,00000B79
614,00000B78
615,00FFED40
616,000008D9
617,00FFF00C
618,00FFFBAD
619,000004E3
620,00000286
621,0000138E
622,00FFF35B
623,00FFFD8D
624,000005DB
625,00000E7B
626,0000051F
627,00FFF601
628,00000E45
629,00000538
630,00FFED35
631,00000B96
632,00FFF373
633,00FFF750
634,00FFF262
635,0000112B
636,00FFECBC
637,0000021A
638,00FFFD81
639,00001349
640,00FFF26C
641,00001105
642,00000296
643,00FFF84F
644,00000707
645,00FFFE35
646,00000DD7
647,00FFF854
648,00FFEF31
649,00000E95
650,0000035C
651,00FFFCFB
652,00001241
653,00FFFA55
654,00FFFA94
655,00001118
656,00FFF525
657,00FFFDF5
658,00FFFA38
659,00FFF9FB
660,000002B6
661,000009E1
662,00FFFC8D
663,000003EF
664,00001235
665,00FFF5D2
666,00000831
667,000009D5
668,00FFF863
669,00000C87
670,00001013
671,00FFFBFB
672,00FFF8DF
673,00FFEE6A
674,0000139D
675,00000CC6
676,00FFFD5D
677,00FFF232
678,00000FFC
679,00001226
680,000011DA
681,00FFEDAE
682,000012C1
683,00FFF4DC
684,00FFFA9F
685,00FFF71A
686,00FFEE10
687,00FFFEAF
688,00FFF776
689,00FFF0BF
690,00FFFC97
691,00FFEFBE
692,00000206
693,00FFF6F1
694,00FFF2B0
695,00FFF146
696,00FFEC54
697,00FFFC58
698,00FFFBA8
699,00FFFD4D
700,000004C8
701,00FFEDE5
702,0000077B
703,000003F8
704,00001039
705,00FFFFEF
706,00FFEE8F
707,00000E3D
708,00FFED71
709,000010EA
710,00FFEDAD
711,00000CAB
712,00000FFF
713,00FFFA56
714,00001055
715,000002FD
716,00000194
717,00FFF30F
718,0000102D
719,00FFF0A6
720,00FFF3FF
721,00000F30
722,00001309
723,000011FE
724,00000C5D
725,00FFF9BE
726,00FFEC95
727,00FFF130
728,00FFEF23
729,00FFFE79
730,00FFFABC
731,00000C5B
732,00000979
733,00FFFC21
734,00FFFDF3
735,00001375
736,00000BDF
737,00FFF816
738,000004C9
739,00FFF85C
740,00FFFE6F
741,00000770
742,00FFF8E4
743,00FFFAE6
744,00FFFE7B
745,0000092A
746,00FFEEF2
747,00FFF784
748,00FFF8C9
749,00000C06
750,00000BF9
751,00FFFA96
752,00FFF237
753,00000F41
754,00FFF910
755,00FFF56A
756,00FFFEFF
757,00FFF206
758,000008E6
759,00000CAC
760,00FFF48D
761,0000022C
762,00FFEC41
763,00FFF65C
764,00FFF7BA
765,00001324
766,00FFFC28
767,00FFED60
768,00FFFDE2
769,00FFFF96
770,00FFEC98
771,000012C8
772,00FFFAE1
773,00FFF45D
774,00FFFC3F
775,00000A1B
776,00001152
777,00FFECFF
778,0000114A
779,00FFFD4E
780,00FFFCB6
781,00000163
782,0000052B
783,00FFED3A
784,00000A4F
785,0000104A
786,00FFF7C7
787,00FFF51A
788,00000FED
789,00000487
790,00FFF40D
791,000010D6
792,00FFFFFA
793,00FFF8E6
794,00FFF49C
795,00000AEA
796,00000C9F
797,00000437
798,0000084E
799,000007DF
800,000009A2
801,00FFF677
802,00FFF247
803,00FFFA34
804,00FFF798
805,00FFFC07
806,00001234
807,0000060B
808,00FFF65A
809,000010A5
810,00000875
811,00FFEE04
812,00FFFC38
813,00FFFE62
814,000010CD
815,00FFF9D1
816,000009D2
817,00FFF3F4
818,00FFFBEA
819,00FFFB97
820,0000037D
821,00FFF70E
822,000007A6
823,00000E46
824,00FFEC33
825,00FFF816
826,0000068D
827,00FFFD35
828,00FFEF54
829,00FFF5D3
830,0000054E
831,00FFEFA0
832,00000618
833,00FFFA86
834,00FFEE07
835,00FFF94C
836,00FFF928
837,00000636
838,000007A0
839,00000603
840,00FFFF49
841,00FFFCCB
842,000001D3
843,000012C7
844,00FFF81E
845,0000139F
846,00FFEE0A
847,00FFF06E
848,00000285
849,00FFF47A
850,00000FDB
851,00FFF273
852,00000B86
853,00FFF11B
854,00FFFF09
855,000011AA
856,0000039F
857,00FFFB6B
858,00000749
859,00000AD3
860,00FFF746
861,00000390
862,00FFFA30
863,00000593
864,00FFEE58
865,00000C06
866,00001380
867,00FFF4B6
868,00FFF7CB
869,00000922
870,00FFFF79
871,00000BB7
872,00FFF82E
873,00000A42
874,00FFFBB5
875,00FFF159
876,00FFFAB6
877,0000098A
878,00FFEFE1
879,00FFFC92
880,00FFFB1E
881,0000027B
882,00000321
883,00001400
884,00000F13
885,000009D6
886,00000EBC
887,00FFF6D9
888,00FFF445
889,00FFF2D1
890,00FFF0D8
891,00FFF650
892,00000076
893,00FFF4C9
894,00FFECB2
895,00000628
896,00000DC4
897,00FFFC66
898,00FFEC6A
899,00FFFA9C
900,000008AD
901,00FFF5D8
902,00001224
903,00000485
904,000011D7
905,00000B82
906,00FFF54B
907,00000D48
908,00FFFBD6
909,000013E1
910,000006E1
911,00000409
912,00FFF27D
913,000011A3
914,00000D18
915,00FFF996
916,00FFECEB
917,000008C7
918,00FFFE11
919,00FFF5BA
920,00FFF747
921,00000834
922,00FFF04A
923,00FFF593
924,000008AA
925,00FFFC2C
926,000013AD
927,00FFF4DA
928,00FFFB5C
929,00000FB4
930,000011F9
931,000010A0
932,00FFF2EA
933,00000914
934,00000868
935,00FFF5B0
936,00FFF169
937,00000AC8
938,00000039
939,00000108
940,000013B6
941,000001AF
942,00FFFA3D
943,000009A1
944,00000C38
945,00000180
946,00FFF545
947,00FFFCE5
948,000001C1
949,000010E9
950,00FFFA78
951,0000094A
952,00FFFAB0
953,0000061C
954,00000A25
955,00FFEC64
956,00000D2B
957,0000084C
958,00000D20
959,00FFF0C6
960,00001259
961,00000933
962,00FFFD98
963,00000AC3
964,00FFF8C9
965,00FFEE87
966,00FFF47E
967,00FFF4BE
